City/Area,State,Metropolitan area,Unified City,Unified State
Fairbanks,AK,"Fairbanks, AK Metropolitan Statistical Area",Fairbanks,AK
Anchorage,AK,"Anchorage, AK Metropolitan Statistical Area",Anchorage,AK
Anniston-Oxford-Jacksonville,AL,"Anniston-Oxford-Jacksonville, AL Metropolitan Statistical Area",Anniston,AL
Auburn-Opelika,AL,"Auburn-Opelika, AL Metropolitan Statistical Area",Auburn,AL
Birmingham-Hoover,AL,"Birmingham-Hoover, AL Metropolitan Statistical Area",Birmingham,AL
Daphne-Fairhope-Foley,AL,"Daphne-Fairhope-Foley, AL Metropolitan Statistical Area",Daphne,AL
Florence-Muscle Shoals,AL,"Florence-Muscle Shoals, AL Metropolitan Statistical Area",Florence,AL
Huntsville,AL,"Huntsville, AL Metropolitan Statistical Area",Huntsville,AL
Decatur,AL,"Decatur, AL Metropolitan Statistical Area",Decatur,AL
Tuscaloosa,AL,"Tuscaloosa, AL Metropolitan Statistical Area",Tuscaloosa,AL
Dothan,AL,"Dothan, AL Metropolitan Statistical Area",Dothan,AL
Montgomery,AL,"Montgomery, AL Metropolitan Statistical Area",Montgomery,AL
Mobile,AL,"Mobile, AL Metropolitan Statistical Area",Mobile,AL
Gadsden,AL,"Gadsden, AL Metropolitan Statistical Area",Gadsden,AL
Fayetteville-Springdale-Rogers,AR-MO,"Fayetteville-Springdale-Rogers, AR-MO Metropolitan Statistical Area",Fayetteville,AR
Fort Smith,AR-OK,"Fort Smith, AR-OK Metropolitan Statistical Area",Fort Smith,AR
Little Rock-North Little Rock-Conway,AR,"Little Rock-North Little Rock-Conway, AR Metropolitan Statistical Area",Little Rock,AR
Jonesboro,AR,"Jonesboro, AR Metropolitan Statistical Area",Jonesboro,AR
Hot Springs,AR,"Hot Springs, AR Metropolitan Statistical Area",Hot Springs,AR
Pine Bluff,AR,"Pine Bluff, AR Metropolitan Statistical Area",Pine Bluff,AR
Lake Havasu City-Kingman,AZ,"Lake Havasu City-Kingman, AZ Metropolitan Statistical Area",Lake Havasu City,AZ
Phoenix-Mesa-Scottsdale,AZ,"Phoenix-Mesa-Scottsdale, AZ Metropolitan Statistical Area",Phoenix,AZ
Sierra Vista-Douglas,AZ,"Sierra Vista-Douglas, AZ Metropolitan Statistical Area",Sierra Vista,AZ
Prescott,AZ,"Prescott, AZ Metropolitan Statistical Area",Prescott,AZ
Tucson,AZ,"Tucson, AZ Metropolitan Statistical Area",Tucson,AZ
Flagstaff,AZ,"Flagstaff, AZ Metropolitan Statistical Area",Flagstaff,AZ
Yuma,AZ,"Yuma, AZ Metropolitan Statistical Area",Yuma,AZ
Hanford-Corcoran,CA,"Hanford-Corcoran, CA Metropolitan Statistical Area",Hanford,CA
Los Angeles-Long Beach-Anaheim,CA,"Los Angeles-Long Beach-Anaheim, CA Metropolitan Statistical Area",Los Angeles,CA
Oxnard-Thousand Oaks-Ventura,CA,"Oxnard-Thousand Oaks-Ventura, CA Metropolitan Statistical Area",Oxnard,CA
Riverside-San Bernardino-Ontario,CA,"Riverside-San Bernardino-Ontario, CA Metropolitan Statistical Area",Riverside,CA
Sacramento--Roseville--Arden-Arcade,CA,"Sacramento--Roseville--Arden-Arcade, CA Metropolitan Statistical Area",Sacramento,CA
San Diego-Carlsbad,CA,"San Diego-Carlsbad, CA Metropolitan Statistical Area",San Diego,CA
San Francisco-Oakland-Hayward,CA,"San Francisco-Oakland-Hayward, CA Metropolitan Statistical Area",San Francisco,CA
San Jose-Sunnyvale-Santa Clara,CA,"San Jose-Sunnyvale-Santa Clara, CA Metropolitan Statistical Area",San Jose,CA
San Luis Obispo-Paso Robles-Arroyo Grande,CA,"San Luis Obispo-Paso Robles-Arroyo Grande, CA Metropolitan Statistical Area",San Luis Obispo,CA
Santa Cruz-Watsonville,CA,"Santa Cruz-Watsonville, CA Metropolitan Statistical Area",Santa Cruz,CA
Santa Maria-Santa Barbara,CA,"Santa Maria-Santa Barbara, CA Metropolitan Statistical Area",Santa Maria,CA
Stockton-Lodi,CA,"Stockton-Lodi, CA Metropolitan Statistical Area",Stockton,CA
Vallejo-Fairfield,CA,"Vallejo-Fairfield, CA Metropolitan Statistical Area",Vallejo,CA
Visalia-Porterville,CA,"Visalia-Porterville, CA Metropolitan Statistical Area",Visalia,CA
Santa Rosa,CA,"Santa Rosa, CA Metropolitan Statistical Area",Santa Rosa,CA
Napa,CA,"Napa, CA Metropolitan Statistical Area",Napa,CA
Chico,CA,"Chico, CA Metropolitan Statistical Area",Chico,CA
Redding,CA,"Redding, CA Metropolitan Statistical Area",Redding,CA
Modesto,CA,"Modesto, CA Metropolitan Statistical Area",Modesto,CA
Yuba City,CA,"Yuba City, CA Metropolitan Statistical Area",Yuba City,CA
Madera,CA,"Madera, CA Metropolitan Statistical Area",Madera,CA
Fresno,CA,"Fresno, CA Metropolitan Statistical Area",Fresno,CA
Salinas,CA,"Salinas, CA Metropolitan Statistical Area",Salinas,CA
Bakersfield,CA,"Bakersfield, CA Metropolitan Statistical Area",Bakersfield,CA
Merced,CA,"Merced, CA Metropolitan Statistical Area",Merced,CA
El Centro,CA,"El Centro, CA Metropolitan Statistical Area",El Centro,CA
Denver-Aurora-Lakewood,CO,"Denver-Aurora-Lakewood, CO Metropolitan Statistical Area",Denver,CO
Boulder,CO,"Boulder, CO Metropolitan Statistical Area",Boulder,CO
Fort Collins,CO,"Fort Collins, CO Metropolitan Statistical Area",Fort Collins,CO
Greeley,CO,"Greeley, CO Metropolitan Statistical Area",Greeley,CO
Colorado Springs,CO,"Colorado Springs, CO Metropolitan Statistical Area",Colorado Springs,CO
Grand Junction,CO,"Grand Junction, CO Metropolitan Statistical Area",Grand Junction,CO
Pueblo,CO,"Pueblo, CO Metropolitan Statistical Area",Pueblo,CO
Norwich-New London-Westerly,CT-RI,"Norwich-New London-Westerly, CT-RI Metropolitan NECTA",Norwich,CT
Bridgeport-Stamford-Norwalk,CT,"Bridgeport-Stamford-Norwalk, CT Metropolitan NECTA",Bridgeport,CT
Hartford-West Hartford-East Hartford,CT,"Hartford-West Hartford-East Hartford, CT Metropolitan NECTA",Hartford,CT
Danbury,CT,"Danbury, CT Metropolitan NECTA",Danbury,CT
New Haven,CT,"New Haven, CT Metropolitan NECTA",New Haven,CT
Waterbury,CT,"Waterbury, CT Metropolitan NECTA",Waterbury,CT
Washington-Arlington-Alexandria,DC-VA-MD-WV,"Washington-Arlington-Alexandria, DC-VA-MD-WV Metropolitan Statistical Area",Washington,DC
Dover,DE,"Dover, DE Metropolitan Statistical Area",Dover,DE
Cape Coral-Fort Myers,FL,"Cape Coral-Fort Myers, FL Metropolitan Statistical Area",Cape Coral,FL
Crestview-Fort Walton Beach-Destin,FL,"Crestview-Fort Walton Beach-Destin, FL Metropolitan Statistical Area",Crestview,FL
Deltona-Daytona Beach-Ormond Beach,FL,"Deltona-Daytona Beach-Ormond Beach, FL Metropolitan Statistical Area",Deltona,FL
Lakeland-Winter Haven,FL,"Lakeland-Winter Haven, FL Metropolitan Statistical Area",Lakeland,FL
Miami-Fort Lauderdale-West Palm Beach,FL,"Miami-Fort Lauderdale-West Palm Beach, FL Metropolitan Statistical Area",Miami,FL
Naples-Immokalee-Marco Island,FL,"Naples-Immokalee-Marco Island, FL Metropolitan Statistical Area",Naples,FL
North Port-Sarasota-Bradenton,FL,"North Port-Sarasota-Bradenton, FL Metropolitan Statistical Area",North Port,FL
Orlando-Kissimmee-Sanford,FL,"Orlando-Kissimmee-Sanford, FL Metropolitan Statistical Area",Orlando,FL
Palm Bay-Melbourne-Titusville,FL,"Palm Bay-Melbourne-Titusville, FL Metropolitan Statistical Area",Palm Bay,FL
Pensacola-Ferry Pass-Brent,FL,"Pensacola-Ferry Pass-Brent, FL Metropolitan Statistical Area",Pensacola,FL
Sebastian-Vero Beach,FL,"Sebastian-Vero Beach, FL Metropolitan Statistical Area",Sebastian,FL
Tampa-St. Petersburg-Clearwater,FL,"Tampa-St. Petersburg-Clearwater, FL Metropolitan Statistical Area",Tampa,FL
Gainesville,FL,"Gainesville, FL Metropolitan Statistical Area",Gainesville,FL
Tallahassee,FL,"Tallahassee, FL Metropolitan Statistical Area",Tallahassee,FL
Jacksonville,FL,"Jacksonville, FL Metropolitan Statistical Area",Jacksonville,FL
Panama City,FL,"Panama City, FL Metropolitan Statistical Area",Panama City,FL
Port St. Lucie,FL,"Port St. Lucie, FL Metropolitan Statistical Area",Port St. Lucie,FL
Punta Gorda,FL,"Punta Gorda, FL Metropolitan Statistical Area",Punta Gorda,FL
Ocala,FL,"Ocala, FL Metropolitan Statistical Area",Ocala,FL
Sebring,FL,"Sebring, FL Metropolitan Statistical Area",Sebring,FL
The Villages,FL,"The Villages, FL Metropolitan Statistical Area",The Villages,FL
Homosassa Springs,FL,"Homosassa Springs, FL Metropolitan Statistical Area",Homosassa Springs,FL
Augusta-Richmond County,GA-SC,"Augusta-Richmond County, GA-SC Metropolitan Statistical Area",Augusta,GA
Columbus,GA-AL,"Columbus, GA-AL Metropolitan Statistical Area",Columbus,GA
Athens-Clarke County,GA,"Athens-Clarke County, GA Metropolitan Statistical Area",Athens,GA
Atlanta-Sandy Springs-Roswell,GA,"Atlanta-Sandy Springs-Roswell, GA Metropolitan Statistical Area",Atlanta,GA
Macon-Bibb County,GA,"Macon-Bibb County, GA Metropolitan Statistical Area",Macon,GA
Gainesville,GA,"Gainesville, GA Metropolitan Statistical Area",Gainesville,GA
Savannah,GA,"Savannah, GA Metropolitan Statistical Area",Savannah,GA
Warner Robins,GA,"Warner Robins, GA Metropolitan Statistical Area",Warner Robins,GA
Brunswick,GA,"Brunswick, GA Metropolitan Statistical Area",Brunswick,GA
Rome,GA,"Rome, GA Metropolitan Statistical Area",Rome,GA
Valdosta,GA,"Valdosta, GA Metropolitan Statistical Area",Valdosta,GA
Hinesville,GA,"Hinesville, GA Metropolitan Statistical Area",Hinesville,GA
Dalton,GA,"Dalton, GA Metropolitan Statistical Area",Dalton,GA
Albany,GA,"Albany, GA Metropolitan Statistical Area",Albany,GA
Kahului-Wailuku-Lahaina,HI,"Kahului-Wailuku-Lahaina, HI Metropolitan Statistical Area",Kahului,HI
Urban Honolulu,HI,"Urban Honolulu, HI Metropolitan Statistical Area",Urban Honolulu,HI
Davenport-Moline-Rock Island,IA-IL,"Davenport-Moline-Rock Island, IA-IL Metropolitan Statistical Area",Davenport,IA
Sioux City,IA-NE-SD,"Sioux City, IA-NE-SD Metropolitan Statistical Area",Sioux City,IA
Des Moines-West Des Moines,IA,"Des Moines-West Des Moines, IA Metropolitan Statistical Area",Des Moines,IA
Waterloo-Cedar Falls,IA,"Waterloo-Cedar Falls, IA Metropolitan Statistical Area",Waterloo,IA
Ames,IA,"Ames, IA Metropolitan Statistical Area",Ames,IA
Iowa City,IA,"Iowa City, IA Metropolitan Statistical Area",Iowa City,IA
Dubuque,IA,"Dubuque, IA Metropolitan Statistical Area",Dubuque,IA
Cedar Rapids,IA,"Cedar Rapids, IA Metropolitan Statistical Area",Cedar Rapids,IA
Lewiston,ID-WA,"Lewiston, ID-WA Metropolitan Statistical Area",Lewiston,ID
Idaho Falls,ID,"Idaho Falls, ID Metropolitan Statistical Area",Idaho Falls,ID
Boise City,ID,"Boise City, ID Metropolitan Statistical Area",Boise City,ID
Pocatello,ID,"Pocatello, ID Metropolitan Statistical Area",Pocatello,ID
Twin Falls,ID,"Twin Falls, ID Metropolitan Statistical Area",Twin Falls,ID
Coeur d'Alene,ID,"Coeur d'Alene, ID Metropolitan Statistical Area",Coeur d'Alene,ID
Chicago-Naperville-Elgin,IL-IN-WI,"Chicago-Naperville-Elgin, IL-IN-WI Metropolitan Statistical Area",Chicago,IL
Carbondale-Marion,IL,"Carbondale-Marion, IL Metropolitan Statistical Area",Carbondale,IL
Champaign-Urbana,IL,"Champaign-Urbana, IL Metropolitan Statistical Area",Champaign,IL
Bloomington,IL,"Bloomington, IL Metropolitan Statistical Area",Bloomington,IL
Springfield,IL,"Springfield, IL Metropolitan Statistical Area",Springfield,IL
Danville,IL,"Danville, IL Metropolitan Statistical Area",Danville,IL
Peoria,IL,"Peoria, IL Metropolitan Statistical Area",Peoria,IL
Kankakee,IL,"Kankakee, IL Metropolitan Statistical Area",Kankakee,IL
Decatur,IL,"Decatur, IL Metropolitan Statistical Area",Decatur,IL
Rockford,IL,"Rockford, IL Metropolitan Statistical Area",Rockford,IL
South Bend-Mishawaka,IN-MI,"South Bend-Mishawaka, IN-MI Metropolitan Statistical Area",South Bend,IN
Evansville,IN-KY,"Evansville, IN-KY Metropolitan Statistical Area",Evansville,IN
Indianapolis-Carmel-Anderson,IN,"Indianapolis-Carmel-Anderson, IN Metropolitan Statistical Area",Indianapolis,IN
Lafayette-West Lafayette,IN,"Lafayette-West Lafayette, IN Metropolitan Statistical Area",Lafayette,IN
Michigan City-La Porte,IN,"Michigan City-La Porte, IN Metropolitan Statistical Area",Michigan City,IN
Columbus,IN,"Columbus, IN Metropolitan Statistical Area",Columbus,IN
Elkhart-Goshen,IN,"Elkhart-Goshen, IN Metropolitan Statistical Area",Elkhart,IN
Fort Wayne,IN,"Fort Wayne, IN Metropolitan Statistical Area",Fort Wayne,IN
Bloomington,IN,"Bloomington, IN Metropolitan Statistical Area",Bloomington,IN
Muncie,IN,"Muncie, IN Metropolitan Statistical Area",Muncie,IN
Kokomo,IN,"Kokomo, IN Metropolitan Statistical Area",Kokomo,IN
Terre Haute,IN,"Terre Haute, IN Metropolitan Statistical Area",Terre Haute,IN
Manhattan,KS,"Manhattan, KS Metropolitan Statistical Area",Manhattan,KS
Lawrence,KS,"Lawrence, KS Metropolitan Statistical Area",Lawrence,KS
Topeka,KS,"Topeka, KS Metropolitan Statistical Area",Topeka,KS
Wichita,KS,"Wichita, KS Metropolitan Statistical Area",Wichita,KS
Louisville/Jefferson County,KY-IN,"Louisville/Jefferson County, KY-IN Metropolitan Statistical Area",Louisville/Jefferson County,KY
Elizabethtown-Fort Knox,KY,"Elizabethtown-Fort Knox, KY Metropolitan Statistical Area",Elizabethtown,KY
Lexington-Fayette,KY,"Lexington-Fayette, KY Metropolitan Statistical Area",Lexington,KY
Owensboro,KY,"Owensboro, KY Metropolitan Statistical Area",Owensboro,KY
Bowling Green,KY,"Bowling Green, KY Metropolitan Statistical Area",Bowling Green,KY
Houma-Thibodaux,LA,"Houma-Thibodaux, LA Metropolitan Statistical Area",Houma,LA
New Orleans-Metairie,LA,"New Orleans-Metairie, LA Metropolitan Statistical Area",New Orleans,LA
Shreveport-Bossier City,LA,"Shreveport-Bossier City, LA Metropolitan Statistical Area",Shreveport,LA
Baton Rouge,LA,"Baton Rouge, LA Metropolitan Statistical Area",Baton Rouge,LA
Lake Charles,LA,"Lake Charles, LA Metropolitan Statistical Area",Lake Charles,LA
Lafayette,LA,"Lafayette, LA Metropolitan Statistical Area",Lafayette,LA
Alexandria,LA,"Alexandria, LA Metropolitan Statistical Area",Alexandria,LA
Hammond,LA,"Hammond, LA Metropolitan Statistical Area",Hammond,LA
Monroe,LA,"Monroe, LA Metropolitan Statistical Area",Monroe,LA
Boston-Cambridge-Nashua,MA-NH,"Boston-Cambridge-Nashua, MA-NH Metropolitan NECTA",Boston,MA
Worcester,MA-CT,"Worcester, MA-CT Metropolitan NECTA",Worcester,MA
Springfield,MA-CT,"Springfield, MA-CT Metropolitan NECTA",Springfield,MA
Leominster-Gardner,MA,"Leominster-Gardner, MA Metropolitan NECTA",Leominster,MA
Pittsfield,MA,"Pittsfield, MA Metropolitan NECTA",Pittsfield,MA
New Bedford,MA,"New Bedford, MA Metropolitan NECTA",New Bedford,MA
Barnstable Town,MA,"Barnstable Town, MA Metropolitan NECTA",Barnstable Town,MA
Hagerstown-Martinsburg,MD-WV,"Hagerstown-Martinsburg, MD-WV Metropolitan Statistical Area",Hagerstown,MD
Cumberland,MD-WV,"Cumberland, MD-WV Metropolitan Statistical Area",Cumberland,MD
Salisbury,MD-DE,"Salisbury, MD-DE Metropolitan Statistical Area",Salisbury,MD
Baltimore-Columbia-Towson,MD,"Baltimore-Columbia-Towson, MD Metropolitan Statistical Area",Baltimore,MD
California-Lexington Park,MD,"California-Lexington Park, MD Metropolitan Statistical Area",California,MD
Lewiston-Auburn,ME,"Lewiston-Auburn, ME Metropolitan NECTA",Lewiston,ME
Portland-South Portland,ME,"Portland-South Portland, ME Metropolitan NECTA",Portland,ME
Bangor,ME,"Bangor, ME Metropolitan NECTA",Bangor,ME
Detroit-Warren-Dearborn,MI,"Detroit-Warren-Dearborn, MI Metropolitan Statistical Area",Detroit,MI
Kalamazoo-Portage,MI,"Kalamazoo-Portage, MI Metropolitan Statistical Area",Kalamazoo,MI
Lansing-East Lansing,MI,"Lansing-East Lansing, MI Metropolitan Statistical Area",Lansing,MI
Niles-Benton Harbor,MI,"Niles-Benton Harbor, MI Metropolitan Statistical Area",Niles,MI
Ann Arbor,MI,"Ann Arbor, MI Metropolitan Statistical Area",Ann Arbor,MI
Grand Rapids-Wyoming,MI,"Grand Rapids-Wyoming, MI Metropolitan Statistical Area",Grand Rapids,MI
Monroe,MI,"Monroe, MI Metropolitan Statistical Area",Monroe,MI
Jackson,MI,"Jackson, MI Metropolitan Statistical Area",Jackson,MI
Battle Creek,MI,"Battle Creek, MI Metropolitan Statistical Area",Battle Creek,MI
Midland,MI,"Midland, MI Metropolitan Statistical Area",Midland,MI
Muskegon,MI,"Muskegon, MI Metropolitan Statistical Area",Muskegon,MI
Flint,MI,"Flint, MI Metropolitan Statistical Area",Flint,MI
Saginaw,MI,"Saginaw, MI Metropolitan Statistical Area",Saginaw,MI
Bay City,MI,"Bay City, MI Metropolitan Statistical Area",Bay City,MI
Minneapolis-St. Paul-Bloomington,MN-WI,"Minneapolis-St. Paul-Bloomington, MN-WI Metropolitan Statistical Area",Minneapolis,MN
Duluth,MN-WI,"Duluth, MN-WI Metropolitan Statistical Area",Duluth,MN
Mankato-North Mankato,MN,"Mankato-North Mankato, MN Metropolitan Statistical Area",Mankato,MN
Rochester,MN,"Rochester, MN Metropolitan Statistical Area",Rochester,MN
St. Cloud,MN,"St. Cloud, MN Metropolitan Statistical Area",St. Cloud,MN
Kansas City,MO-KS,"Kansas City, MO-KS Metropolitan Statistical Area",Kansas City,MO
St. Louis,MO-IL,"St. Louis, MO-IL Metropolitan Statistical Area(1)",St. Louis,MO
St. Joseph,MO-KS,"St. Joseph, MO-KS Metropolitan Statistical Area",St. Joseph,MO
Cape Girardeau,MO-IL,"Cape Girardeau, MO-IL Metropolitan Statistical Area",Cape Girardeau,MO
Columbia,MO,"Columbia, MO Metropolitan Statistical Area",Columbia,MO
Jefferson City,MO,"Jefferson City, MO Metropolitan Statistical Area",Jefferson City,MO
Springfield,MO,"Springfield, MO Metropolitan Statistical Area",Springfield,MO
Joplin,MO,"Joplin, MO Metropolitan Statistical Area",Joplin,MO
Gulfport-Biloxi-Pascagoula,MS,"Gulfport-Biloxi-Pascagoula, MS Metropolitan Statistical Area",Gulfport,MS
Hattiesburg,MS,"Hattiesburg, MS Metropolitan Statistical Area",Hattiesburg,MS
Jackson,MS,"Jackson, MS Metropolitan Statistical Area",Jackson,MS
Billings,MT,"Billings, MT Metropolitan Statistical Area",Billings,MT
Great Falls,MT,"Great Falls, MT Metropolitan Statistical Area",Great Falls,MT
Missoula,MT,"Missoula, MT Metropolitan Statistical Area",Missoula,MT
Charlotte-Concord-Gastonia,NC-SC,"Charlotte-Concord-Gastonia, NC-SC Metropolitan Statistical Area",Charlotte,NC
Durham-Chapel Hill,NC,"Durham-Chapel Hill, NC Metropolitan Statistical Area",Durham,NC
Greensboro-High Point,NC,"Greensboro-High Point, NC Metropolitan Statistical Area",Greensboro,NC
Hickory-Lenoir-Morganton,NC,"Hickory-Lenoir-Morganton, NC Metropolitan Statistical Area",Hickory,NC
Winston-Salem,NC,"Winston-Salem, NC Metropolitan Statistical Area",Winston,NC
Asheville,NC,"Asheville, NC Metropolitan Statistical Area",Asheville,NC
Raleigh,NC,"Raleigh, NC Metropolitan Statistical Area",Raleigh,NC
Wilmington,NC,"Wilmington, NC Metropolitan Statistical Area",Wilmington,NC
Burlington,NC,"Burlington, NC Metropolitan Statistical Area",Burlington,NC
New Bern,NC,"New Bern, NC Metropolitan Statistical Area",New Bern,NC
Greenville,NC,"Greenville, NC Metropolitan Statistical Area",Greenville,NC
Goldsboro,NC,"Goldsboro, NC Metropolitan Statistical Area",Goldsboro,NC
Jacksonville,NC,"Jacksonville, NC Metropolitan Statistical Area",Jacksonville,NC
Fayetteville,NC,"Fayetteville, NC Metropolitan Statistical Area",Fayetteville,NC
Rocky Mount,NC,"Rocky Mount, NC Metropolitan Statistical Area",Rocky Mount,NC
Fargo,ND-MN,"Fargo, ND-MN Metropolitan Statistical Area",Fargo,ND
Grand Forks,ND-MN,"Grand Forks, ND-MN Metropolitan Statistical Area",Grand Forks,ND
Bismarck,ND,"Bismarck, ND Metropolitan Statistical Area",Bismarck,ND
Omaha-Council Bluffs,NE-IA,"Omaha-Council Bluffs, NE-IA Metropolitan Statistical Area",Omaha,NE
Lincoln,NE,"Lincoln, NE Metropolitan Statistical Area",Lincoln,NE
Grand Island,NE,"Grand Island, NE Metropolitan Statistical Area",Grand Island,NE
Dover-Durham,NH-ME,"Dover-Durham, NH-ME Metropolitan NECTA",Dover,NH
Portsmouth,NH-ME,"Portsmouth, NH-ME Metropolitan NECTA",Portsmouth,NH
Manchester,NH,"Manchester, NH Metropolitan NECTA",Manchester,NH
Atlantic City-Hammonton,NJ,"Atlantic City-Hammonton, NJ Metropolitan Statistical Area",Atlantic City,NJ
Vineland-Bridgeton,NJ,"Vineland-Bridgeton, NJ Metropolitan Statistical Area",Vineland,NJ
Trenton,NJ,"Trenton, NJ Metropolitan Statistical Area",Trenton,NJ
Ocean City,NJ,"Ocean City, NJ Metropolitan Statistical Area",Ocean City,NJ
Santa Fe,NM,"Santa Fe, NM Metropolitan Statistical Area",Santa Fe,NM
Albuquerque,NM,"Albuquerque, NM Metropolitan Statistical Area",Albuquerque,NM
Farmington,NM,"Farmington, NM Metropolitan Statistical Area",Farmington,NM
Las Cruces,NM,"Las Cruces, NM Metropolitan Statistical Area",Las Cruces,NM
Las Vegas-Henderson-Paradise,NV,"Las Vegas-Henderson-Paradise, NV Metropolitan Statistical Area",Las Vegas,NV
Reno,NV,"Reno, NV Metropolitan Statistical Area",Reno,NV
Carson City,NV,"Carson City, NV Metropolitan Statistical Area",Carson City,NV
New York-Newark-Jersey City,NY-NJ-PA,"New York-Newark-Jersey City, NY-NJ-PA Metropolitan Statistical Area",New York,NY
Albany-Schenectady-Troy,NY,"Albany-Schenectady-Troy, NY Metropolitan Statistical Area",Albany,NY
Buffalo-Cheektowaga-Niagara Falls,NY,"Buffalo-Cheektowaga-Niagara Falls, NY Metropolitan Statistical Area",Buffalo,NY
Utica-Rome,NY,"Utica-Rome, NY Metropolitan Statistical Area",Utica,NY
Watertown-Fort Drum,NY,"Watertown-Fort Drum, NY Metropolitan Statistical Area",Watertown,NY
Ithaca,NY,"Ithaca, NY Metropolitan Statistical Area",Ithaca,NY
Kingston,NY,"Kingston, NY Metropolitan Statistical Area",Kingston,NY
Rochester,NY,"Rochester, NY Metropolitan Statistical Area",Rochester,NY
Elmira,NY,"Elmira, NY Metropolitan Statistical Area",Elmira,NY
Syracuse,NY,"Syracuse, NY Metropolitan Statistical Area",Syracuse,NY
Glens Falls,NY,"Glens Falls, NY Metropolitan Statistical Area",Glens Falls,NY
Binghamton,NY,"Binghamton, NY Metropolitan Statistical Area",Binghamton,NY
Youngstown-Warren-Boardman,OH-PA,"Youngstown-Warren-Boardman, OH-PA Metropolitan Statistical Area",Youngstown,OH
Cincinnati,OH-KY-IN,"Cincinnati, OH-KY-IN Metropolitan Statistical Area",Cincinnati,OH
Canton-Massillon,OH,"Canton-Massillon, OH Metropolitan Statistical Area",Canton,OH
Cleveland-Elyria,OH,"Cleveland-Elyria, OH Metropolitan Statistical Area",Cleveland,OH
Columbus,OH,"Columbus, OH Metropolitan Statistical Area",Columbus,OH
Dayton,OH,"Dayton, OH Metropolitan Statistical Area",Dayton,OH
Toledo,OH,"Toledo, OH Metropolitan Statistical Area",Toledo,OH
Akron,OH,"Akron, OH Metropolitan Statistical Area",Akron,OH
Springfield,OH,"Springfield, OH Metropolitan Statistical Area",Springfield,OH
Lima,OH,"Lima, OH Metropolitan Statistical Area",Lima,OH
Mansfield,OH,"Mansfield, OH Metropolitan Statistical Area",Mansfield,OH
Oklahoma City,OK,"Oklahoma City, OK Metropolitan Statistical Area",Oklahoma City,OK
Lawton,OK,"Lawton, OK Metropolitan Statistical Area",Lawton,OK
Tulsa,OK,"Tulsa, OK Metropolitan Statistical Area",Tulsa,OK
Enid,OK,"Enid, OK Metropolitan Statistical Area",Enid,OK
Portland-Vancouver-Hillsboro,OR-WA,"Portland-Vancouver-Hillsboro, OR-WA Metropolitan Statistical Area",Portland,OR
Bend-Redmond,OR,"Bend-Redmond, OR Metropolitan Statistical Area",Bend,OR
Corvallis,OR,"Corvallis, OR Metropolitan Statistical Area",Corvallis,OR
Eugene,OR,"Eugene, OR Metropolitan Statistical Area",Eugene,OR
Salem,OR,"Salem, OR Metropolitan Statistical Area",Salem,OR
Albany,OR,"Albany, OR Metropolitan Statistical Area",Albany,OR
Medford,OR,"Medford, OR Metropolitan Statistical Area",Medford,OR
Grants Pass,OR,"Grants Pass, OR Metropolitan Statistical Area",Grants Pass,OR
Allentown-Bethlehem-Easton,PA-NJ,"Allentown-Bethlehem-Easton, PA-NJ Metropolitan Statistical Area",Allentown,PA
Philadelphia-Camden-Wilmington,PA-NJ-DE-MD,"Philadelphia-Camden-Wilmington, PA-NJ-DE-MD Metropolitan Statistical Area",Philadelphia,PA
Bloomsburg-Berwick,PA,"Bloomsburg-Berwick, PA Metropolitan Statistical Area",Bloomsburg,PA
Chambersburg-Waynesboro,PA,"Chambersburg-Waynesboro, PA Metropolitan Statistical Area",Chambersburg,PA
Harrisburg-Carlisle,PA,"Harrisburg-Carlisle, PA Metropolitan Statistical Area",Harrisburg,PA
Scranton--Wilkes-Barre--Hazleton,PA,"Scranton--Wilkes-Barre--Hazleton, PA Metropolitan Statistical Area",Scranton,PA
York-Hanover,PA,"York-Hanover, PA Metropolitan Statistical Area",York,PA
Gettysburg,PA,"Gettysburg, PA Metropolitan Statistical Area",Gettysburg,PA
Lancaster,PA,"Lancaster, PA Metropolitan Statistical Area",Lancaster,PA
State College,PA,"State College, PA Metropolitan Statistical Area",State College,PA
Lebanon,PA,"Lebanon, PA Metropolitan Statistical Area",Lebanon,PA
Reading,PA,"Reading, PA Metropolitan Statistical Area",Reading,PA
Altoona,PA,"Altoona, PA Metropolitan Statistical Area",Altoona,PA
Pittsburgh,PA,"Pittsburgh, PA Metropolitan Statistical Area",Pittsburgh,PA
Erie,PA,"Erie, PA Metropolitan Statistical Area",Erie,PA
East Stroudsburg,PA,"East Stroudsburg, PA Metropolitan Statistical Area",East Stroudsburg,PA
Williamsport,PA,"Williamsport, PA Metropolitan Statistical Area",Williamsport,PA
Johnstown,PA,"Johnstown, PA Metropolitan Statistical Area",Johnstown,PA
Providence-Warwick,RI-MA,"Providence-Warwick, RI-MA Metropolitan NECTA",Providence,RI
Myrtle Beach-Conway-North Myrtle Beach,SC-NC,"Myrtle Beach-Conway-North Myrtle Beach, SC-NC Metropolitan Statistical Area",Myrtle Beach,SC
Charleston-North Charleston,SC,"Charleston-North Charleston, SC Metropolitan Statistical Area",Charleston,SC
Columbia,SC,"Columbia, SC Metropolitan Statistical Area",Columbia,SC
Greenville-Anderson-Mauldin,SC,"Greenville-Anderson-Mauldin, SC Metropolitan Statistical Area",Greenville,SC
Hilton Head Island-Bluffton-Beaufort,SC,"Hilton Head Island-Bluffton-Beaufort, SC Metropolitan Statistical Area",Hilton Head Island,SC
Spartanburg,SC,"Spartanburg, SC Metropolitan Statistical Area",Spartanburg,SC
Florence,SC,"Florence, SC Metropolitan Statistical Area",Florence,SC
Sumter,SC,"Sumter, SC Metropolitan Statistical Area",Sumter,SC
Sioux Falls,SD,"Sioux Falls, SD Metropolitan Statistical Area",Sioux Falls,SD
Rapid City,SD,"Rapid City, SD Metropolitan Statistical Area",Rapid City,SD
Kingsport-Bristol-Bristol,TN-VA,"Kingsport-Bristol-Bristol, TN-VA Metropolitan Statistical Area",Kingsport,TN
Chattanooga,TN-GA,"Chattanooga, TN-GA Metropolitan Statistical Area",Chattanooga,TN
Memphis,TN-MS-AR,"Memphis, TN-MS-AR Metropolitan Statistical Area",Memphis,TN
Clarksville,TN-KY,"Clarksville, TN-KY Metropolitan Statistical Area",Clarksville,TN
Nashville-Davidson--Murfreesboro--Franklin,TN,"Nashville-Davidson--Murfreesboro--Franklin, TN Metropolitan Statistical Area",Nashville,TN
Knoxville,TN,"Knoxville, TN Metropolitan Statistical Area",Knoxville,TN
Jackson,TN,"Jackson, TN Metropolitan Statistical Area",Jackson,TN
Cleveland,TN,"Cleveland, TN Metropolitan Statistical Area",Cleveland,TN
Johnson City,TN,"Johnson City, TN Metropolitan Statistical Area",Johnson City,TN
Morristown,TN,"Morristown, TN Metropolitan Statistical Area",Morristown,TN
Texarkana,TX-AR,"Texarkana, TX-AR Metropolitan Statistical Area",Texarkana,TX
Austin-Round Rock,TX,"Austin-Round Rock, TX Metropolitan Statistical Area",Austin,TX
Beaumont-Port Arthur,TX,"Beaumont-Port Arthur, TX Metropolitan Statistical Area",Beaumont,TX
Brownsville-Harlingen,TX,"Brownsville-Harlingen, TX Metropolitan Statistical Area",Brownsville,TX
College Station-Bryan,TX,"College Station-Bryan, TX Metropolitan Statistical Area",College Station,TX
Dallas-Fort Worth-Arlington,TX,"Dallas-Fort Worth-Arlington, TX Metropolitan Statistical Area",Dallas,TX
Houston-The Woodlands-Sugar Land,TX,"Houston-The Woodlands-Sugar Land, TX Metropolitan Statistical Area",Houston,TX
Killeen-Temple,TX,"Killeen-Temple, TX Metropolitan Statistical Area",Killeen,TX
McAllen-Edinburg-Mission,TX,"McAllen-Edinburg-Mission, TX Metropolitan Statistical Area",McAllen,TX
San Antonio-New Braunfels,TX,"San Antonio-New Braunfels, TX Metropolitan Statistical Area",San Antonio,TX
Sherman-Denison,TX,"Sherman-Denison, TX Metropolitan Statistical Area",Sherman,TX
Midland,TX,"Midland, TX Metropolitan Statistical Area",Midland,TX
Amarillo,TX,"Amarillo, TX Metropolitan Statistical Area",Amarillo,TX
Lubbock,TX,"Lubbock, TX Metropolitan Statistical Area",Lubbock,TX
Abilene,TX,"Abilene, TX Metropolitan Statistical Area",Abilene,TX
San Angelo,TX,"San Angelo, TX Metropolitan Statistical Area",San Angelo,TX
Wichita Falls,TX,"Wichita Falls, TX Metropolitan Statistical Area",Wichita Falls,TX
Odessa,TX,"Odessa, TX Metropolitan Statistical Area",Odessa,TX
Tyler,TX,"Tyler, TX Metropolitan Statistical Area",Tyler,TX
Waco,TX,"Waco, TX Metropolitan Statistical Area",Waco,TX
El Paso,TX,"El Paso, TX Metropolitan Statistical Area",El Paso,TX
Victoria,TX,"Victoria, TX Metropolitan Statistical Area",Victoria,TX
Laredo,TX,"Laredo, TX Metropolitan Statistical Area",Laredo,TX
Longview,TX,"Longview, TX Metropolitan Statistical Area",Longview,TX
Corpus Christi,TX,"Corpus Christi, TX Metropolitan Statistical Area",Corpus Christi,TX
Logan,UT-ID,"Logan, UT-ID Metropolitan Statistical Area",Logan,UT
Ogden-Clearfield,UT,"Ogden-Clearfield, UT Metropolitan Statistical Area",Ogden,UT
Provo-Orem,UT,"Provo-Orem, UT Metropolitan Statistical Area",Provo,UT
Salt Lake City,UT,"Salt Lake City, UT Metropolitan Statistical Area",Salt Lake City,UT
St. George,UT,"St. George, UT Metropolitan Statistical Area",St. George,UT
Virginia Beach-Norfolk-Newport News,VA-NC,"Virginia Beach-Norfolk-Newport News, VA-NC Metropolitan Statistical Area",Virginia Beach,VA
Winchester,VA-WV,"Winchester, VA-WV Metropolitan Statistical Area",Winchester,VA
Blacksburg-Christiansburg-Radford,VA,"Blacksburg-Christiansburg-Radford, VA Metropolitan Statistical Area",Blacksburg,VA
Staunton-Waynesboro,VA,"Staunton-Waynesboro, VA Metropolitan Statistical Area",Staunton,VA
Charlottesville,VA,"Charlottesville, VA Metropolitan Statistical Area",Charlottesville,VA
Harrisonburg,VA,"Harrisonburg, VA Metropolitan Statistical Area",Harrisonburg,VA
Richmond,VA,"Richmond, VA Metropolitan Statistical Area",Richmond,VA
Roanoke,VA,"Roanoke, VA Metropolitan Statistical Area",Roanoke,VA
Lynchburg,VA,"Lynchburg, VA Metropolitan Statistical Area",Lynchburg,VA
Burlington-South Burlington,VT,"Burlington-South Burlington, VT Metropolitan NECTA",Burlington,VT
Bremerton-Silverdale,WA,"Bremerton-Silverdale, WA Metropolitan Statistical Area",Bremerton,WA
Kennewick-Richland,WA,"Kennewick-Richland, WA Metropolitan Statistical Area",Kennewick,WA
Mount Vernon-Anacortes,WA,"Mount Vernon-Anacortes, WA Metropolitan Statistical Area",Mount Vernon,WA
Olympia-Tumwater,WA,"Olympia-Tumwater, WA Metropolitan Statistical Area",Olympia,WA
Seattle-Tacoma-Bellevue,WA,"Seattle-Tacoma-Bellevue, WA Metropolitan Statistical Area",Seattle,WA
Spokane-Spokane Valley,WA,"Spokane-Spokane Valley, WA Metropolitan Statistical Area",Spokane,WA
Walla Walla,WA,"Walla Walla, WA Metropolitan Statistical Area",Walla Walla,WA
Bellingham,WA,"Bellingham, WA Metropolitan Statistical Area",Bellingham,WA
Wenatchee,WA,"Wenatchee, WA Metropolitan Statistical Area",Wenatchee,WA
Longview,WA,"Longview, WA Metropolitan Statistical Area",Longview,WA
Yakima,WA,"Yakima, WA Metropolitan Statistical Area",Yakima,WA
La Crosse-Onalaska,WI-MN,"La Crosse-Onalaska, WI-MN Metropolitan Statistical Area",La Crosse,WI
Janesville-Beloit,WI,"Janesville-Beloit, WI Metropolitan Statistical Area",Janesville,WI
Milwaukee-Waukesha-West Allis,WI,"Milwaukee-Waukesha-West Allis, WI Metropolitan Statistical Area",Milwaukee,WI
Oshkosh-Neenah,WI,"Oshkosh-Neenah, WI Metropolitan Statistical Area",Oshkosh,WI
Madison,WI,"Madison, WI Metropolitan Statistical Area",Madison,WI
Appleton,WI,"Appleton, WI Metropolitan Statistical Area",Appleton,WI
Sheboygan,WI,"Sheboygan, WI Metropolitan Statistical Area",Sheboygan,WI
Wausau,WI,"Wausau, WI Metropolitan Statistical Area",Wausau,WI
Fond du Lac,WI,"Fond du Lac, WI Metropolitan Statistical Area",Fond du Lac,WI
Green Bay,WI,"Green Bay, WI Metropolitan Statistical Area",Green Bay,WI
Eau Claire,WI,"Eau Claire, WI Metropolitan Statistical Area",Eau Claire,WI
Racine,WI,"Racine, WI Metropolitan Statistical Area",Racine,WI
Huntington-Ashland,WV-KY-OH,"Huntington-Ashland, WV-KY-OH Metropolitan Statistical Area",Huntington,WV
Weirton-Steubenville,WV-OH,"Weirton-Steubenville, WV-OH Metropolitan Statistical Area",Weirton,WV
Wheeling,WV-OH,"Wheeling, WV-OH Metropolitan Statistical Area",Wheeling,WV
Parkersburg-Vienna,WV,"Parkersburg-Vienna, WV Metropolitan Statistical Area",Parkersburg,WV
Morgantown,WV,"Morgantown, WV Metropolitan Statistical Area",Morgantown,WV
Charleston,WV,"Charleston, WV Metropolitan Statistical Area",Charleston,WV
Beckley,WV,"Beckley, WV Metropolitan Statistical Area",Beckley,WV
Cheyenne,WY,"Cheyenne, WY Metropolitan Statistical Area",Cheyenne,WY
Casper,WY,"Casper, WY Metropolitan Statistical Area",Casper,WY